{
    "epoch": 2025.0,
    "epoch_time": 0.08775,
    "train_energy_mae": 0.01091,
    "train_forces_mae": 0.0236,
    "train_loss": 0.09995,
    "val_energy_mae": 0.02559,
    "val_forces_mae": 0.03049,
    "val_loss": 0.13483
}