{
    "rmse": 1.2025101656024477,
    "mse": 1.4460306983772264,
    "mae": 0.862635618839413,
    "max": 7.563775066635571,
    "lp4": 0.07657885873417697,
    "rrmse": 0.1617303363560772
}