{
    "rmse": 47.890946593271394,
    "mse": 2293.542765599573,
    "mae": 30.861978371715733,
    "max": 743.0838195271643,
    "lp4": 0.1440492773441517,
    "rrmse": 0.052643501823786826
}