{
    "epoch": 95.0,
    "epoch_time": 0.01305,
    "train_energy_mae": 0.01391,
    "train_forces_mae": 0.02253,
    "train_loss": 0.09725,
    "val_energy_mae": 0.01909,
    "val_forces_mae": 0.03524,
    "val_loss": 0.15723
}