{
    "rmse": 1.1188915065340397,
    "mse": 1.2519182033940128,
    "mae": 0.7095248865999747,
    "max": 6.481401429628022,
    "lp4": 0.06984992314136447,
    "rrmse": 0.16698521905656386
}