{
    "rmse": 0.9797429884769792,
    "mse": 0.959896323469802,
    "mae": 0.6282316490961238,
    "max": 6.894815882667899,
    "lp4": 0.06945322332841032,
    "rrmse": 0.13176949983579211
}