{
    "rmse": 49.765374870577325,
    "mse": 2476.592536009089,
    "mae": 32.17554984939113,
    "max": 761.1212565446475,
    "lp4": 0.14724255784467566,
    "rrmse": 0.054703942793412105
}