{
    "rmse": 54.107414399633306,
    "mse": 2927.6122930136457,
    "mae": 35.69296216933968,
    "max": 582.3427809536298,
    "lp4": 0.13616884678780253,
    "rrmse": 0.060225729882377906
}